,Model 1,Model 2,Model 3,Model 4
Entropy_lag1,0.000574208054829662,0.000566558049102629,0.0004534872015337266,0.00020869998771840437
KL_lag1,0.00047593360268301965,0.000515446227262921,0.00031034909366028316,0.0005923999115237169
HHI_lag1,,-0.0001049179517882982,3.724578397099425e-05,-0.0020006841601794357
Inflation,,,-0.0005395296866115547,
InterestRate,,,0.00020071591245074432,
ExchangeRate,,,-0.0006234192098560975,
Entropy_HHI,,,,0.0019228146500727733
